﻿<?xml version="1.0" encoding="utf-8"?>
<AddressLabels>
	<Channel1>
		<uc0_Entrypoint>init0</uc0_Entrypoint>
		<uc0_SwInterruptAddress>irq_sw</uc0_SwInterruptAddress>
		<uc0_DriverDisabledAddress />
		<uc0_DiagRoutineAddress>irq_auto</uc0_DiagRoutineAddress>
		<uc1_Entrypoint>init1</uc1_Entrypoint>
		<uc1_SwInterruptAddress />
		<uc1_DriverDisabledAddress />
		<uc1_DiagRoutineAddress />
	</Channel1>
	<Channel2>
		<uc0_Entrypoint>init0</uc0_Entrypoint>
		<uc0_SwInterruptAddress />
		<uc0_DriverDisabledAddress />
		<uc0_DiagRoutineAddress />
		<uc1_Entrypoint>init1</uc1_Entrypoint>
		<uc1_SwInterruptAddress />
		<uc1_DriverDisabledAddress />
		<uc1_DiagRoutineAddress />
	</Channel2>
</AddressLabels>